spectrum,,,,,,,,,
-17.63688636,-16.44069794,-15.97337619,-16.73956661,-15.32813728,-15.16559762,-15.4048713,-15.03572413,-14.25711881,-13.68455331
